nombre,precio,entrega_fecha
"Pomya Memoria DDR5 de Escritorio 32GB Kit 5600MHz Doble Canal XMP (Black) | Memoria RAM para PC, 2 Módulos de 16GB, XMP 3.0 Overclocking, ECC Integrado, Control PMIC, PC para Juegos, Compatibilidad","11,415.",Entrega GRATIS entre el 24 - 29 de sep
"Pissente Memoria RAM DDR5 32GB 6800MHz RGB Kit | Actualización de memoria para PC de escritorio, CL34-45-45-108 1.4V, XMP 3.0 y EXPO Ready, disipador de calor de aluminio,","15,053.",Entrega GRATIS entre el 28 de sep - 2 de oct
"GOTOTOP 16GB DDR5 RAM 4800MHz, Plug and Play Memoria para Portátil (Black) | Ancho de banda 38400, CL40 1.1V, carcasa metálica de disipación de calor, rendimiento estable para actualización de PC","5,021.",Entrega GRATIS entre el 28 de sep - 2 de oct
"SENECESLI Kit de Memoria de Escritorio para Gaming 32GB, 5600MHz DDR5 | Overclocking habilitado, integridad de datos mejorada, configuración de doble canal","11,168.",Entrega GRATIS entre el 24 - 29 de sep
"Corsair Vengeance RGB RS DDR5 16GB (2 x 8GB) hasta 6000MHz AMD Intel RAM | Memoria Gaming de Sobremesa, Compatible con AMD EXPO e Intel XMP 3.0, CL36, Gris, CMG16GX5M2E6000Z36","5,831.","Entrega GRATIS el jue, 10 de sep"
"Kingston Fury Beast Black DDR5, Memoria Gamer, Capacidad: 16GB, Frecuencia: 5200MT/s, Latencia: CL40, Factor de Forma: DIMM, Intel XMP, Color: Negro, SKU: KF552C40BB-16",Precio no disponible,Fecha de entrega no disponible
"Corsair Vengeance RGB RS DDR5 32GB (2 x 16GB) hasta 6000MHz AMD Intel RAM | Memoria Gaming de Sobremesa, Compatible con AMD EXPO e Intel XMP 3.0, CL36, Gris, CMG32GX5M2E6000Z36","10,241.","Entrega GRATIS el jue, 10 de sep"
"Corsair Vengeance RGB RS DDR5 16GB (2 x 8GB) hasta 6000MHz AMD Intel RAM | Memoria Gaming de Sobremesa, Compatible con AMD EXPO e Intel XMP 3.0, CL36, Blanco, CMG16GX5M2E6000Z36W","5,827.",Entrega GRATIS de Estados Unidos entre el 17 - 20 de sep
"Corsair Vengeance DDR5 16GB (2 x 8GB) hasta 6000MHz AMD Intel RAM | Memoria Gaming de Sobremesa, Compatible con AMD EXPO e Intel XMP 3.0, CL36, Gris, CMK16GX5M2E6000Z36","5,215.","Entrega GRATIS el lun, 14 de sep"
"Corsair Vengeance DDR5 32GB (2 x 16GB) hasta 6000MHz AMD Intel RAM | Memoria Gaming de Sobremesa, Compatible con AMD EXPO e Intel XMP 3.0, CL36, Gris, CMK32GX5M2E6000Z36","9,776.","Entrega GRATIS el mar, 22 de sep"
"Corsair Vengeance RS DDR5 32GB (2 x 16GB) hasta 6000MHz AMD Intel RAM | Memoria Gaming de Sobremesa, Compatible con AMD EXPO e Intel XMP 3.0, CL38, Gris, CML32GX5M2D6000Z38","9,577.","Entrega GRATIS de Estados Unidos el mié, 16 de sep"
"Corsair Vengeance RGB RS DDR5 32GB (2 x 16GB) hasta 6000MHz AMD Intel RAM | Memoria Gaming de Sobremesa, Compatible con AMD EXPO e Intel XMP 3.0, CL36, Blanco, CMG32GX5M2E6000Z36W","9,842.","Entrega GRATIS de Estados Unidos el sáb, 19 de sep"
"Kingston Fury Beast Black DDR5, Memoria Gamer, Capacidad: 32GB Kit (2x16GB), Frecuencia: 5200MT/s, Latencia: CL40, Factor de Forma: DIMM, Intel XMP, Color: Negro, SKU: KF552C40BBK2-32","9,641.","Entrega GRATIS el jue, 10 de sep"
"Kingston Fury Impact DDR5, Memoria Gamer para Laptop, Capacidad: 16GB, Frecuencia: 5600MT/s, Latencia: CL 40, Factor de Forma: SODIMM 262-Pin, Color: Negro, Numero de Parte: KF556S40IB-16","4,577.","Entrega GRATIS el jue, 10 de sep"
"Kingston Fury Impact DDR5, Memoria Gamer para Laptop, Capacidad: 16GB, Frecuencia: 4800MT/s, Latencia: CL 38, Factor de Forma: SODIMM 262-Pin, Color: Negro, Numero de Parte: KF548S38IB-16","3,926.","Entrega GRATIS el lun, 14 de sep"
ADATA RAM Lancer Blade DDR5 16GB 6000 Blanco RGB AX5U6000C4816G-SLABRWH 11M DE Garantia,"4,941.",Entrega por $210.94 entre el 14 - 15 de sep
"XPG Memoria ram Lancer Blade RGB 8GB DDR5, 5600MHz, CL 46, Blanca","2,531.","Entrega GRATIS el lun, 14 de sep"
CORSAIR VENGEANCE RGB DDR5 RAM 32GB (2x16GB) 6400MHz CL36 Intel XMP 3.0 Memoria de Ordenador de Sobremesa – Negro (CMH32GX5M2B6400C36),"10,824.","Entrega GRATIS el jue, 10 de sep"
Corsair Vengeance RGB DDR5 RAM de 32GB (2 x 16GB) hasta 6000MHz CL36 Intel XMP iCUE Compatible con Memoria de computadora - Blanco (CMH32GX5M2E6000C36W),"10,172.",Entrega GRATIS de Estados Unidos entre el 16 - 19 de sep
ADATA RAM Lancer Blade DDR5 16GB 6000 Negro RGB AX5U6000C4816G-SLABRBK 11M DE Garantia,"4,840.","Entrega GRATIS el vie, 11 de sep"
"Dpofirs Adaptador DDR5 SODIMM a Desktop, Convertidor de RAM de Portátil | Convertidor DDR5 para portátil a DDR5 de escritorio, con material de PCB, para placas base , 7/8/10",283.,Entrega GRATIS entre el 24 - 29 de sep
"ciciglow Tarjeta de Prueba de Memoria RAM, 4 en 1 DDR3 DDR4 DDR5 Servidor DDR5 Tester con Indicador LED y Fuente de Alimentación Dual, para Pruebas de Hardware de Memoria de Computadora",449.,Entrega GRATIS entre el 24 - 29 de sep
"Vbestlife Tarjeta Adaptadora DDR5 U DIMM a SO DDR5 RVs, Convertidor de Memoria de Computadora Portátil a Computadora de Escritorio con Pruebas Seguras y Estables, para Reparación y",160.,Entrega GRATIS entre el 25 - 30 de sep
"Hilitand Analizador de Diagnóstico de Memoria RAM, Material de PCB, Modos de Alimentación Dual, Luces LED para Diagnosticar RAM DDR3 DDR4 DDR5 en Computadoras de Escritorio y Servidores","1,026.","Entrega GRATIS el vie, 18 de sep"
Corsair Vengeance DDR5 RAM 16GB (2x8GB) hasta 5200MHz CL40 AMD Expo Intel XMP 3.0 Memoria de Ordenador de Sobremesa – Gris (CMK16GX5M2B5200Z40),"5,665.","Entrega GRATIS el jue, 10 de sep"
"XPG Memoria RAM Lancer Blade 8GB, DDR5, 5600MHz, CL46, XMP/Expo, Negro","2,531.","Entrega GRATIS el lun, 14 de sep"
"Corsair Vengeance DDR5 64GB (2 x 32GB) hasta 6000MHz Intel RAM | Memoria Gaming de Sobremesa, Compatible con Intel XMP 3.0, CL40, Negro, CMK64GX5M2D6000C40","17,974.","Entrega GRATIS de JP el mar, 15 de sep"
"Corsair Vengeance DDR5 32GB (2 x 16GB) hasta 6400MHz AMD Intel RAM | Memoria Gaming de Sobremesa, Compatible con AMD EXPO e Intel XMP 3.0, CL36, Gris, CMK32GX5M2B6400Z36",Precio no disponible,Fecha de entrega no disponible
"Kingston Fury Beast Black DDR5, Memoria Gamer para PC, Capacidad: 8GB, Frecuencia: 5600Mhz, Latencia: CL 40, Factor de Forma: DIMM 288-Pin, Color: Negro, Numero de Parte: KF556C40BB-8","2,834.","Entrega GRATIS el lun, 14 de sep"
"Kingston Fury Beast Black DDR5, Memoria Gamer, Capacidad: 8GB, Frecuencia: 5200MT/s, Latencia: CL40, Factor de Forma: DIMM, Intel XMP, Color: Negro, SKU: KF552C40BB-8","2,810.","Entrega GRATIS el lun, 14 de sep"
"Corsair Vengeance RGB DDR5 8GB (1 x 8GB) hasta 5200MHz Intel RAM | Memoria Gaming de Sobremesa, Compatible con Intel XMP 3.0, CL40, Negro, CMH8GX5M1B5200C40","2,983.","Entrega GRATIS el sáb, 12 de sep"
"Kingston Fury Impact DDR5, Memoria Gamer para Laptop, Capacidad: 32GB, Frecuencia: 5600MT/s, Latencia: CL 40, Factor de Forma: SODIMM 262-Pin, Color: Negro, Numero de Parte: KF556S40IB-32","7,639.",Entrega GRATIS entre el 15 - 17 de sep
"Corsair Vengeance RGB RS DDR5 16GB (2 x 8GB) hasta 5200MHz AMD Intel RAM | Memoria Gaming de Sobremesa, Compatible con AMD EXPO e Intel XMP 3.0, CL40, Gris, CMG16GX5M2B5200Z40","5,673.","Entrega GRATIS el lun, 14 de sep"
"Kingston Fury Beast Black DDR5, Memoria Gamer, Capacidad: 16GB, Frecuencia: 5600MT/s, Latencia: CL40, Factor de Forma: DIMM, Intel XMP, Color: Negro, SKU: KF556C40BB-16","4,797.","Entrega GRATIS el lun, 14 de sep"
Corsair Dominator Titanium RGB DDR5 RAM 64GB (2x32GB) DDR5 hasta 6400MHz CL32 Intel XMP 3.0 Memoria de Ordenador de Sobremesa – Negro (CMP64GX5M2B6400C32),"25,026.",Entrega por $215.30 entre el 14 - 15 de sep
Patriot Memory Viper Venom RGB DDR5 RAM de 16 GB (1 x 16 GB) 6000 MHz CL30 1.35 V UDIMM Memoria para juegos de computadora compatible con Intel XMP/AMD Expo - PVVR516G60C30,"4,931.",Entrega GRATIS entre el 17 - 18 de sep
CORSAIR VENGEANCE RGB DDR5 32GB (2x16GB) DDR5 5200MHz CL40 AMD EXPO Intel XMP iCUE Memoria de Ordenador Compatible - Gris (CMH32GX5M2B5200Z40K),"9,919.","Entrega GRATIS el lun, 14 de sep"
"Corsair Vengeance RGB DDR5 32GB (2 x 16GB) hasta 6000MHz AMD Intel RAM | Memoria Gaming de Sobremesa, Compatible con AMD EXPO e Intel XMP 3.0, CL38, Gris, CMH32GX5M2B6000Z38","12,226.",Entrega por $111.97 entre el 14 - 15 de sep
"Xpg Lancer Blade Ddr5 8GB 5600MHz Cl46 Rgb | Memoria Ram 288-pin Udimm con Disipador T?rmico, Compatible con Intel Xmp 3.0 y Amd Expo, Negro","2,656.","Entrega GRATIS el lun, 14 de sep"
"Kingston Fury Beast Black RGB DDR5, Memoria Gamer, Capacidad: 16GB, Frecuencia: 5600MT/s, Latencia: CL40, Factor de Forma: DIMM, Intel XMP, Color: Negro/RGB, SKU: KF556C40BBA-16","5,366.","Entrega GRATIS el vie, 11 de sep"
Corsair Vengeance DDR5 RAM 48GB (2x24GB) hasta 6000MHz CL36 Intel XMP Compatible iCUE Memoria para Ordenadores - Negro (CMK48GX5M2E6000C36),"12,613.","Entrega GRATIS el sáb, 12 de sep"
"Corsair Vengeance RGB RS DDR5 16GB (2 x 8GB) hasta 5600MHz AMD Intel RAM | Memoria Gaming de Sobremesa, Compatible con AMD EXPO e Intel XMP 3.0, CL40, Gris, CMG16GX5M2B5600Z40","5,415.","Entrega GRATIS el lun, 14 de sep"
"Kingston Fury Impact DDR5, Memoria Gamer para Laptop, Capacidad: 8GB, Frecuencia: 4800MT/s, Latencia: CL 38, Factor de Forma: SODIMM 262-Pin, Color: Negro, Numero de Parte: KF548S38IB-8","2,787.","Entrega GRATIS el lun, 14 de sep"
"Kingston Fury Beast Black RGB Expo DDR5, Memoria Gamer, Capacidad: 16GB, Frecuencia: 6000MT/s, Latencia: CL36, Factor de Forma: DIMM, AMD Expo/Intel XMP, Color: Negro/RGB","5,702.","Entrega GRATIS el vie, 11 de sep"
"Xpg Lancer Blade Ddr5 Rgb Memoria Ram 24GB | 6000MHz, 288-pin Udimm, Compatible con Intel Xmp 3.0 y Amd Expo, Iluminaci?N Direccionable, Disipador T?Rmico Blanco","5,857.","Entrega GRATIS el vie, 11 de sep"
"Kingston Fury Beast Black Expo DDR5, Memoria Gamer para PC, Capacidad: 16GB, Frecuencia: 6000MT/s, Latencia: CL36, Factor de Forma: DIMM 288-Pin, Color: Negro, SKU: KF560C36BBE2-16","5,908.","Entrega GRATIS el lun, 14 de sep"
"Corsair Vengeance RGB DDR5 32GB (2 x 16GB) hasta 5200MHz Intel RAM | Memoria Gaming de Sobremesa, Compatible con Intel XMP 3.0, CL40, Negro, CMH32GX5M2B5200C40",Precio no disponible,Fecha de entrega no disponible
"Corsair Vengeance DDR5 32GB (2 x 16GB) hasta 6000MHz AMD Intel RAM | Memoria Gaming de Sobremesa, Compatible con AMD EXPO e Intel XMP 3.0, CL30, Gris, CMK32GX5M2B6000Z30","10,507.","Entrega GRATIS de Estados Unidos el mié, 16 de sep"
"Crucial Pro - Kit de Memoria DDR5 de 32 GB (2 x 16 GB), CL36 6000 MHz, Memoria para Juegos de sobremesa, Compatible con Intel XMP 3.0 y AMD Expo, Color Negro - CP2K16G60C36U5B","8,997.",Entrega GRATIS
"Kingston Fury Impact DDR5, Memoria Gamer para Laptop, Capacidad: 32GB, Frecuencia: 4800MT/s, Latencia: CL 38, Factor de Forma: SODIMM 262-Pin, Color: Negro, Numero de Parte: KF548S38IB-32","8,714.","Entrega GRATIS el jue, 10 de sep"
CORSAIR VENGEANCE RGB DDR5 RAM 32GB (2x16GB) 6000MHz CL36 Intel XMP 3.0 Memoria de Ordenador de Sobremesa – Negro (CMH32GX5M2E6000C36),"10,033.","Entrega GRATIS el lun, 14 de sep"
ADATA RAM Lancer Blade DDR5 16GB 5600 Negro AX5U5600C4616G-SLABBK,Precio no disponible,Fecha de entrega no disponible
XPG Hunter DDR5 8GB 4800MHz SODIMM 262 Pines Memoria RAM Individual (AD5S48008G-S),"2,779.",Entrega GRATIS entre el 15 - 17 de sep
TEAMGROUP T-Create Expert CL30 Overclocking 10L DDR5 32GB Kit (2 x 16GB) 6000MHz (PC5-48000) Intel XMP 3.0 y AMD Expo Módulo de Memoria de computadora Compatible Ram Black - CTCED532G6000HC30DC01,"9,577.",Entrega GRATIS de Estados Unidos entre el 24 de sep - 21 de oct
"Kingston Fury Beast RGB DDR5, Memoria Gamer para PC, Capacidad: 16GB Kit (2x8GB), Frecuencia: 5600MT/s, Latencia: CL 40, Factor de Forma: DIMM 288-Pin, Color: RGB, Numero de Parte: KF556C40BBAK2-16","6,049.","Entrega GRATIS el lun, 14 de sep"
CORSAIR VENGEANCE RGB DDR5 32GB (2x16GB) DDR5 6000MHz CL30 AMD EXPO Intel XMP iCUE Memoria de Ordenador Compatible - Gris (CMH32GX5M2B6000Z30K),"12,074.","Entrega GRATIS el lun, 14 de sep"
"Pissente Memoria para Laptop DDR5 de 16GB, 4800MHz (White) | Instalación Plug and Play, Ancho de Banda 38400, Operación de Bajo Voltaje de 1.1V, Enfriamiento por Disipador de Calor","5,739.",Entrega GRATIS entre el 29 de sep - 5 de oct
"32GB DDR5 Memoria de Escritorio Kit, 5600MHz Overclocking (Black)","10,750.",Entrega por $199 entre el 24 - 29 de sep
"Thermalright MC-2 ARGB - Enfriador de memoria blanco, doble ventilador | RAM Cooler Silencioso, flujo de aire de 16.17 CFM para computadora DDR5/DDR4 RAM Kit (blanco)",560.,"Entrega GRATIS el lun, 14 de sep"
"Gugxiom Kit de Memoria de Escritorio DDR5 de 32 GB, 5600 MT/s, XMP 3.0, | Canal Dual, ECC Integrado, PMIC Integrado, PC para Juegos, Actualización de Escritorio, Rendimiento Estable, Multitarea","11,073.",Entrega por $169 entre el 22 - 29 de sep
"Tarjeta Gráfica DDR5 de 4 GB, Interfaz Multimedia HD DVI VGA PCI Express 2.0 16X Tarjeta Gráfica para Computadora con Ventilador de Refrigeración (HD7670 4GB DDR5)","1,213.","Entrega GRATIS el lun, 14 de sep"
Tarjeta Gráfica DDR5 de 8 GB con Ventilador de Refrigeración Doble para Tarjeta de Vídeo de Alto Rendimiento de PC para Juegos,"4,169.",Entrega GRATIS entre el 28 de sep - 2 de oct
"GOTOTOP 16GB DDR5 RAM 4800MHz, Plug and Play Memoria para Portátil (White) | Ancho de banda 38400, CL40 1.1V, carcasa metálica de disipación de calor, rendimiento estable para actualización de PC","5,738.",Entrega GRATIS entre el 28 de sep - 2 de oct
Walfront Probador de Memoria DDR3 DDR4 DDR5 4 en 1 Analizador de Diagnóstico de Tarjetas de Escritorio para Computadoras de Escritorio y Servidores,628.,Entrega GRATIS entre el 28 de sep - 1 de oct
"Corsair Vengeance DDR5 32GB (2 x 16GB) hasta 6000MHz AMD Intel RAM | Memoria Gaming de Sobremesa, Compatible con AMD EXPO e Intel XMP 3.0, CL38, Gris, CMK32GX5M2B6000Z38","10,365.","Entrega GRATIS el lun, 14 de sep"
G.SKILL Trident Z5 Neo RGB Series DDR5 RAM (AMD Expo) 32GB (2x16GB) 7200MT/s CL34-45-45-115 1.40V Memoria para computadora de escritorio U-DIMM - Blanco mate (F5-7200J3445G16GX2-TZ5NRW),"3,519.",Fecha de entrega no disponible
"Corsair Vengeance RGB RS DDR5 32GB (2 x 16GB) hasta 5600MHz AMD Intel RAM | Memoria Gaming de Sobremesa, Compatible con AMD EXPO e Intel XMP 3.0, CL40, Gris, CMG32GX5M2B5600Z40","8,978.","Entrega GRATIS el lun, 14 de sep"
"Kingston Fury Impact DDR5, Memoria Gamer para Laptop, Capacidad: 16GB, Frecuencia: 6000MT/s, Latencia: CL38, Factor de Forma: SODIMM 262-Pin, Color: Negro, SKU: KF560S38IB-16","4,489.","Entrega GRATIS el lun, 14 de sep"
"Xpg Lancer Blade Ddr5 8GB 5600MHz | Memoria Ram Blanca con Rgb Direccionable, 288-pin Udimm Cl46, Compatible con Intel Xmp 3.0 y Amd Expo","2,678.","Entrega GRATIS el lun, 14 de sep"
"Kingston Fury Beast Black DDR5, Memoria Gamer, Capacidad: 16GB Kit (2x8GB), Frecuencia: 5200MT/s, Latencia: CL40, Factor de Forma: DIMM, Intel XMP, Color: Negro, SKU: KF552C40BBK2-16","6,220.","Entrega GRATIS el lun, 14 de sep"
G.SKILL Serie Flare X5 DDR5 RAM (AMD Expo) 16GB (2x8GB) 6000MT/s CL30-38-38-96 1.35V Memoria para computadora de escritorio U-DIMM - Negro mate (F5-6000J3038F8GH2-FX5),"6,312.",Entrega GRATIS entre el 18 - 22 de sep
"Corsair Vengeance RGB RS DDR5 64GB (2 x 32GB) hasta 6000MHz AMD Intel RAM | Memoria Gaming de Sobremesa, Compatible con AMD EXPO e Intel XMP 3.0, CL40, Gris, CMG64GX5M2D6000Z40","18,432.","Entrega GRATIS el jue, 10 de sep"
"acer PREDATOR Memoria RAM Pallas II DDR5, 6000MHz, 24GB, CL32, XMP/Expo, DIMM - Color Negro","5,999.","Entrega GRATIS el vie, 11 de sep"
Corsair Vengeance SODIMM DDR5 RAM 32GB (2x16GB) hasta 5600MHz C48-48-48-90 1.10V Intel XMP 3.0 Memoria del Portátil – Negro (CMSX32GX5M2A5600C48),"8,947.","Entrega GRATIS de Estados Unidos el sáb, 19 de sep"
Corsair Vengeance RGB DDR5 Kit de Mejora de la Iluminación (Sin Memoria Física) – Blanco,"1,111.","Entrega GRATIS de Alemania el vie, 25 de sep"
"Corsair Vengeance RGB RS DDR5 32GB (2 x 16GB) hasta 5200MHz AMD Intel RAM | Memoria Gaming de Sobremesa, Compatible con AMD EXPO e Intel XMP 3.0, CL40, Gris, CMG32GX5M2B5200Z40","8,978.","Entrega GRATIS el lun, 14 de sep"
"XPG Memoria RAM Lancer Blade 8GB, DDR5, 5600MHz, CL46, XMP/Expo, Blanco","2,512.","Entrega GRATIS el lun, 14 de sep"
"Corsair Vengeance RGB DDR5 32GB (2 x 16GB) hasta 5200MHz Intel RAM | Memoria Gaming de Sobremesa, Compatible con Intel XMP 3.0, CL40, Blanco, CMH32GX5M2B5200C40W",Precio no disponible,Fecha de entrega no disponible
TEAMGROUP Memoria DDR5,"5,631.","Entrega GRATIS el jue, 17 de sep"
"Corsair Vengeance RGB DDR5 32GB (2 x 16GB) hasta 7200MHz Intel RAM | Memoria Gaming de Sobremesa, Compatible con Intel XMP 3.0, CL34, Negro, CMH32GX5M2X7200C34","11,930.",Entrega GRATIS entre el 10 - 11 de sep
"Pissente Memoria para Laptop DDR5 de 16GB, 4800MHz (Black) | Instalación Plug and Play, Ancho de Banda 38400, Operación de Bajo Voltaje de 1.1V, Enfriamiento por Disipador de Calor","5,023.",Entrega GRATIS entre el 29 de sep - 5 de oct
"Dpofirs Módulo de Memoria DDR5 RAM de 32 GB (16 GB X 2) | para Escritorio, 5600MHz, Admite Overclocking XMP3.0","11,775.",Entrega GRATIS entre el 24 - 29 de sep
"Pissente Probador de RAM para Computadora Portátil, Analizador de Diagnóstico de Memoria RAM Probador 4 en 1 Tarjeta DDR3 DDR4 DDR5UDMM DDR5RDIMM de Escritorio con Luz","1,080.",Entrega GRATIS entre el 29 de sep - 5 de oct
Pomya Memoria DDR5 de Escritorio 32GB 5600MHz RGB XMP 3.0 Doble Canal,"11,657.",Entrega GRATIS entre el 24 - 29 de sep
"Kingston Fury Beast Black RGB DDR5, Memoria Gamer, Capacidad: 16GB, Frecuencia: 5200MT/s, Latencia: CL40, Factor de Forma: DIMM, Intel XMP, Color: Negro/RGB, SKU: KF552C40BBA-16","5,953.","Entrega GRATIS el lun, 14 de sep"
Timetec 16 GB DDR5 5600 MHz PC5-44800 sin búfer sin ECC 1.1V CL46 1Rx8 Sinlge Rank 288 Pin UDIMM Memoria de computadora Módulo RAM Actualización,"4,164.","Entrega GRATIS el dom, 13 de sep"
"Corsair Vengeance RGB DDR5 16GB (2 x 8GB) hasta 5200MHz Intel RAM | Memoria Gaming de Sobremesa, Compatible con Intel XMP 3.0, CL40, Negro, CMH16GX5M2B5200C40","5,215.",Entrega por $212.10 entre el 14 - 15 de sep
"Kingston Fury Beast Black Expo DDR5, Memoria Gamer para PC, Capacidad: 8GB, Frecuencia: 6000MT/s, Latencia: CL36, Factor de Forma: DIMM 288-Pin, Color: Negro, SKU: KF560C36BBE-8","3,571.","Entrega GRATIS de Estados Unidos el sáb, 19 de sep"
Patriot Viper Venom DDR5 RAM 16GB (2X8GB) 6000MT/s CL36 Memoria de computadora,"4,769.",Entrega GRATIS entre el 18 - 21 de sep
"Kingston Fury Beast Black RGB Expo DDR5, Memoria Gamer, Capacidad: 16GB, Frecuencia: 5600MT/s, Latencia: CL36, Factor de Forma: DIMM, AMD Expo/Intel XMP, Color: Negro/RGB, SKU: KF556C36BBEA-16","5,224.","Entrega GRATIS el lun, 14 de sep"
Corsair Dominator Titanium RGB DDR5 RAM 32GB (2x16GB) DDR5 hasta 7000MHz CL34 Intel XMP 3.0 Memoria de Ordenador de Sobremesa – Negro (CMP32GX5M2X7000C34),"14,578.","Entrega GRATIS el lun, 14 de sep"
Corsair Vengeance SODIMM DDR5 RAM 16GB (1x16GB) 5600MHz CL48-48-48-90 1.10V Intel XMP 3.0 Memoria del Portátil – Negro (CMSX16GX5M1A5600C48),"4,302.","Entrega GRATIS el vie, 11 de sep"
"XPG Memoria Ram para Laptop Hunter DDR5, 5600MHz, 8GB, ECC CL46, 262-pin SO-DIMM, XMP","2,498.","Entrega GRATIS el lun, 14 de sep"
"Crucial - Kit de Memoria DDR5 RAM de 32 GB (2 x 16 GB), 5600 MHz (o 5200 MHz o 4800 MHz) para portátil SODIMM de 262 Pines, Compatible con Intel Core y AMD Ryzen 7000, Negro - CT2K16G56C46S5","11,047.",Entrega GRATIS entre el 18 - 21 de sep
"Corsair Vengeance RGB DDR5 16GB (2 x 8GB) hasta 6000MHz AMD Intel RAM | Memoria Gaming de Sobremesa, Compatible con AMD EXPO e Intel XMP 3.0, CL36, Gris, CMH16GX5M2E6000Z36","7,638.","Entrega GRATIS de JP el jue, 17 de sep"
"PNY Performance 8GB (1x16GB) DDR5 RAM 5600MHz (PC5-44800) - CL46, 1.1V - Compatible con 5200MHz, 4800MHz - Kit de Memoria de computadora - MD8GSD5560046-TB","2,600.","Entrega GRATIS de Estados Unidos el dom, 13 de sep"
"Kingston Fury Renegade Silver DDR5, Memoria Gamer para PC, Capacidad: 48GB, Frecuencia: 6000MT/s, Latencia: CL 32, Factor de Forma: DIMM 288-Pin, Color: Plata/Negro","14,675.","Entrega GRATIS el lun, 14 de sep"
Crucial Kit RAM de 64 GB (2 x 32 GB) DDR5 5600 MHz (o 5200 MHz o 4800 MHz) Memoria para portátil CT2K32G56C46S5,Precio no disponible,Fecha de entrega no disponible
"Corsair Vengeance DDR5 64GB (2 x 32GB) hasta 5200MHz Intel RAM | Memoria Gaming de Sobremesa, Compatible con Intel XMP 3.0, CL40, Blanco, CMK64GX5M2B5200C40W","16,337.","Entrega GRATIS el jue, 10 de sep"
Corsair Dominator Titanium DDR5 RGB Kit de Mejora de La Iluminación – 2X Módulos – 0 GB RAM Compatible con iCUE – Blanco,"1,461.","Entrega GRATIS de Alemania el vie, 25 de sep"
Corsair Vengeance DDR5 SODIMM 32GB (1x32GB) DDR5 hasta 5200MHz C44 Compatible con Casi Cualquier Sistema Intel XMP 3.0 y AMD - Negro (CMSX32GX5M1A5200C44),"9,300.",Entrega GRATIS entre el 10 - 11 de sep
"Kingston ValueRAM DDR5, Memoria para PC, Capacidad: 16GB, Frecuencia: 5600MT/s, Latencia: CL 46, Factor de Forma: DIMM 288-Pin, Numero de Parte: KVR56U46BS8-16","4,907.","Entrega GRATIS el lun, 14 de sep"
"Kingston Fury Beast Black Expo DDR5, Memoria Gamer para PC, Capacidad: 16GB Kit (2x8GB), Frecuencia: 6000MT/s, Latencia: CL36, Factor de Forma: DIMM 288-Pin, Color: Negro, SKU: KF560C36BBEK2-16","5,730.","Entrega GRATIS el lun, 14 de sep"
Crucial NTB 32GB 6400MHz Ddr5 Csodımm Ct32g64c52cs5 Memoria RAM para portátil,"14,906.","Entrega GRATIS el vie, 18 de sep"
Samsung 16GB DDR5 5600MHz PC5-44800 CL46 SODIMM 1Rx8 Single Rank 1.1V 262-Pin Memoria RAM para portátil M425R2GA3BB0-CWM,"5,449.","Entrega GRATIS el dom, 13 de sep"
XPG Memoria RAM DDR5 16GB 5600MHz 1x 16GB Laptop Negro AX5S5600C4616G-SBHT,"4,224.","Entrega GRATIS el lun, 14 de sep"
"Samsung 8 GB DDR5 5600 MHz PC5-44800 CL46 SODIMM 1Rx16 Rango Único 1,1 V 262 pines Memoria RAM para computadora portátil M425R1GB4BB0-CWM, 1 Módulo","3,180.","Entrega GRATIS el lun, 14 de sep"
"Crucial 96 GB DDR5 RAM, 5600 MHz (o 5200 MHz o 4800 MHz), SODIMM 262 Pines, Compatible con Intel Core de 13ª generación y AMD Ryzen 6000 - CT2K48G56C46S5","37,850.",Entrega GRATIS entre el 17 - 18 de sep
"Kingston Fury Beast Black RGB DDR5, Memoria Gamer, Capacidad: 8GB, Frecuencia: 5200MT/s, Latencia: CL40, Factor de Forma: DIMM, Intel XMP, Color: Negro/RGB, SKU: KF552C40BBA-8","3,538.",Entrega GRATIS de Estados Unidos entre el 22 - 28 de sep
"Samsung 8GB DDR5 5600MHz PC5-44800 CL46 SODIMM 1Rx16 rango único 1.1V 262 pines portátil, memoria RAM para portátil","2,751.","Entrega por $1,286.81 entre el 17 - 21 de sep"
"Kingston Fury Beast White RGB Expo DDR5, Memoria Gamer para PC, Capacidad: 32GB, Frecuencia: 6000MT/s, Latencia: CL36, Factor de Forma: DIMM 288-Pin, Color: Blanco/RGB, SKU: KF560C36BWEA-32","10,900.","Entrega GRATIS el lun, 14 de sep"
"Memoria Ram SODIMM Adata AD5S56008G-S DDR5, 5600MHz, 8GB, CL46, AD5S56008G-S","2,468.","Entrega GRATIS el lun, 14 de sep"
"Crucial Pro 96GB DDR5 RAM Kit (2x48GB), 5600MHz (o 5200MHz o 4800MHz) Memoria de computadora UDIMM 288-pines, Compatible con Intel Core de 13ª generación y AMD Ryzen 7000 - CP2K48G56C46U5","31,039.",Entrega por $354 entre el 1 - 12 de oct
CORSAIR DOMINATOR TITANIUM RGB DDR5 32GB (2x16GB) DDR5 6000MHz CL30 AMD EXPO Intel XMP iCUE Memoria de Ordenador Compatible - Gris (CMP32GX5M2B6000Z30),Precio no disponible,Fecha de entrega no disponible
Timetec Premium - Kit de 32 GB (2 x 16 GB) DDR5 5600 MHz PC5-44800 sin búfer sin ECC 1.1 V CL46 1Rx8 rango único 262 pines SODIMM Memoria RAM actualización,"7,972.","Entrega GRATIS el vie, 18 de sep"
Samsung 16GB DDR5 4800MHz PC5-38400 CL40 SODIMM 1Rx8 1.1V sin ECC 262-Pin SO-DIMM Memoria RAM para Laptop M425R2GA3BB0-CQK,"4,411.",Entrega por $523.10 entre el 17 - 21 de sep
"Dpofirs Módulo de Memoria RAM DDR5 de 32 GB (16 GB X 2) (White) | 5600 MHz, Admite Overclocking XMP3.0, Velocidad de Transferencia de Datos de 5600 MT/s","11,783.",Entrega GRATIS entre el 24 - 29 de sep
"SENECESLI 32GB DDR5 Memoria Kit, 5600MHz Overclocking | Doble canal, fácil instalación, iluminación RGB, estabilidad mejorada","13,068.",Entrega GRATIS entre el 24 - 29 de sep
"Tarjeta de Prueba de Placa Base de Escritorio DDR5, Módulo de Memoria RAM de Servidor de PC de Escritorio con Diodos Emisores de Luz Probador de Memoria DDR5 Tarjeta de Prueba de",503.,"Entrega GRATIS el lun, 14 de sep"
"SENECESLI Kit de Memoria DDR5 32GB, 5600MHz para Jugadores (Black) | Rendimiento acelerado, overclocking simplificado, tamaño de 13,7 cm, integridad de datos mejorada","10,739.",Entrega GRATIS entre el 24 - 29 de sep
"Disipador Térmico DDR5 de Aluminio, Refrigerador de Memoria con Alta Eficiencia y Fácil Instalación, Compatible con Módulos Gaming y Overclocking, Color Plateado",161.,Entrega GRATIS entre el 2 - 7 de oct
RiToEasysports 2 en 1 Prueba de Memoria DDR4 DDR5 con un Indicador LED Fácil de Usar para los Modulados Conmemorativos de la Computadora Portátil Verde,561.,"Entrega GRATIS el lun, 14 de sep"
Enfriadores de DDR4 DDR5 de eficiencia con sincronización ARGB Construcción de Aluminio para Mejorar la refrigeración de la Memoria y Operaciones con Ruido Instalación Sencilla,237.,Entrega GRATIS entre el 24 de sep - 1 de oct
"Tarjeta de Prueba de Memoria RAM 4 en 1, Analizador de Diagnóstico DDR3 DDR4 DDR5 UDIMM DDR5 RDIMM con Modos de Fuente de Alimentación Dual, para Reparación de Computadoras",511.,Entrega GRATIS entre el 25 - 30 de sep
Samsung 16GB DDR5 4800MHz PC5-38400 CL40 SODIMM 1Rx8 1.1V sin ECC 262-Pin SO-DIMM Memoria RAM para Laptop M425R2GA3BB0-CQK,"4,411.",Entrega por $523.10 entre el 17 - 21 de sep
Corsair Vengeance SODIMM DDR5 RAM 24GB (1x24GB) hasta 4800MHz CL40 Intel XMP Compatible con iCUE Memoria – Negro (CMSX24GX5M1A4800C40),"6,299.","Entrega GRATIS el lun, 14 de sep"
"Crucial Pro DDR5 RAM Kit de 32 GB (2 x 16 GB), 6400 MHz CL32, Memoria para Juegos de sobremesa overclocking, Compatible con Intel XMP 3.0 y AMD Expo, Blanco - CP2K16G64C32U5W","11,251.","Entrega GRATIS el sáb, 19 de sep"
"PNY de Perfil bajo 32 GB (2 x 16 GB) DDR5 RAM 5600 MHz (PC5-44800) - CL46, 1.1V - Compatible con 5200 MHz, 4800 MHz - Kit de Memoria de computadora - MD32GK2D5560046LP","8,922.",Entrega GRATIS de Estados Unidos entre el 26 de sep - 11 de oct
Corsair Dominator Platinum RGB DDR5 32GB (2x16GB) DDR5 hasta 5600MHz CL36 AMD Expo Intel XMP iCUE Memoria de Ordenador Compatible - Gris (CMT32GX5M2B5600Z36),"14,228.","Entrega GRATIS el lun, 14 de sep"
SODIMM ADATA DDR5 16GB PC5-5600MHZ CL46 262 Pin 1.1 AD5S560016G-S,"4,217.","Entrega GRATIS el lun, 14 de sep"
"Crucial Pro DDR5 RAM 64GB Kit (2x32GB) 6000MHz CL40, overclocking Desktop Gaming Memory, Intel XMP 3.0 y AMD Expo Compatible - Blanco CP2K32G60C40U5W","22,538.",Entrega GRATIS entre el 22 - 25 de sep
Kingston Fury Beast Black RGB Expo DDR5 Memoria Gamer Capacidad: 32GB Kit (2x16GB) Frecuencia: 6000MT/s Latencia: CL30 Factor de Forma:DIMM AMD Expo/Intel XMP Color:Negro/RGB SKU: KF560C30BBEAK2-32,"15,723.",Entrega GRATIS de Alemania
G.Skill Memoria RAM DDR5 32GB 6000MT/s Flare X5 2x16GB CL36 Expo XMP Negro F5-6000J3636F16GX2-FX5,"10,612.",Entrega GRATIS entre el 22 - 25 de sep
"Memoria RAM DDR5 de 16 GB, Rendimiento Rápido, Memoria de (Negra)","4,669.",Entrega GRATIS entre el 28 de sep - 2 de oct
Corsair Vengeance SODIMM DDR5 RAM 16GB (2x8GB) hasta 4800MHz CL40-40-40-77 1.10V Intel XMP 3.0 Memoria del Portátil – Negro (CMSX16GX5M2A4800C40),"4,076.",Entrega por $210.51 entre el 14 - 15 de sep
"Crucial RAM 32GB DDR5 4800MHz CL40 Laptop Memory CT32G48C40S5, Negro","6,989.","Entrega GRATIS de Estados Unidos el sáb, 19 de sep"
"Kingston Fury Beast White DDR5, Memoria Gamer para PC, Capacidad: 32GB (2x16GB), Frecuencia: 5600MT/s, Latencia: CL 40, Factor de Forma: DIMM 288-Pin, Color: Blanco, Numero de Parte: KF556C40BWK2-32","9,695.",Entrega por $99 entre el 15 - 17 de sep
"Corsair Vengeance RGB DDR5 32GB (2 x 16GB) hasta 6400MHz Intel RAM | Memoria Gaming de Sobremesa, Compatible con Intel XMP 3.0, CL36, Blanco, CMH32GX5M2B6400C36W","14,468.",Entrega GRATIS
"Corsair Vengeance RGB DDR5 32GB (2 x 16GB) hasta 6000MHz Intel RAM | Memoria Gaming de Sobremesa, Compatible con Intel XMP 3.0, CL38, Negro, CMH32GX5M2B6000C38","9,380.","Entrega GRATIS el mié, 30 de sep"
"PNY Performance 16GB (1x16GB) DDR5 RAM 5600MHz (PC5-44800) - CL46, 1.1V - Compatible con 5200MHz, 4800MHz - Memoria de computadora - MD16GSD5560046-TB","6,270.",Entrega GRATIS entre el 22 - 25 de sep
"SENECESLI Kit de Memoria DDR5 32GB, 5600MHz para Jugadores (White) | Rendimiento acelerado, overclocking simplificado, tamaño de 13,7 cm, integridad de datos mejorada","10,469.",Entrega GRATIS entre el 24 - 29 de sep
"Estink DDR5 RGB Memory Kit, 32GB 6400MHz 1.25V | Actualización de computadora de escritorio, latencia CL38 48 48 100, canal dual de 32 bits, ECC integrado, control de","10,882.",Entrega GRATIS entre el 24 - 29 de sep
"Pomya Memoria RAM DDR5 de 32GB para Escritorio, Kit de 6000MHz (Black) | Configuración de doble canal, Estabilidad del rendimiento, Alta frecuencia, 2 sticks incluidos","13,095.",Entrega GRATIS entre el 24 - 29 de sep
"Dpofirs Módulo de Memoria RAM DDR5 de 32 GB (16 GB X 2) (Black) | 5600 MHz, Admite Overclocking XMP3.0, Velocidad de Transferencia de Datos de 5600 MT/s","12,276.",Entrega GRATIS entre el 24 - 29 de sep
"ANACOMDA DDR5 Gaming RAM blanca 32 GB (2 x 16 GB) 6400 MHz CL36 DRAM overclocking Ready, Intel XMP 3.0 Ready, compatible con AMD EXPO, memoria de computadora con disipador de calor de aluminio, serie","9,152.","Entrega GRATIS el mar, 6 de oct"
CORSAIR VENGEANCE RGB DDR5 32GB (2x16GB) DDR5 6000MHz CL36 AMD EXPO Intel XMP iCUE Memoria de Ordenador Compatible - Gris (CMH32GX5M2E6000Z36),"13,253.",Entrega GRATIS
Samsung 16GB DDR5 5600MHz PC5-44800 CL46 UDIMM 1Rx8 rango único 1.1V no ECC DIMM 288 pines memoria RAM para PC de computadora M323R2GA3DB0-CWM,"5,866.","Entrega GRATIS el lun, 14 de sep"
"Acer Predator Pallas II DDR5 RAM de 32 GB (16 GBx2) 6000 MHz CL32 PC5-48000, Memoria de computadora Compatible con Intel XMP 3.0 AMD Expo, Color Negro - BL.9BWWR.432","11,082.",Entrega GRATIS entre el 18 - 21 de sep
"Corsair Vengeance RGB DDR5 32GB (2 x 16GB) hasta 6600MHz Intel RAM | Memoria Gaming de Sobremesa, Compatible con Intel XMP 3.0, CL38, Negro, CMH32GX5M2B6600C38","12,352.","Entrega GRATIS de JP el jue, 17 de sep"
Kingston Fury Beast 64 GB (2 x 32 GB) 6400MT/s DDR5 CL32 Memoria de computadora | AMD Expo | Plug N Play | Kit de 2 | KF564C32BBEK2-64,"25,472.","Entrega GRATIS de Estados Unidos el vie, 18 de sep"
"Adaptador SODIMM DDR5 Portátil 5600Mhz para Ordenador Sobremesa | Comprobador De Memoria SODIMM DDR5 Para Ordenador De Sobremesa, Compatible Con Los Sistemas Operativos 7, 8, 10 Y Vista",200.,Entrega por $1.58 entre el 21 - 28 de sep
Corsair Dominator Titanium RGB DDR5 RAM 64GB (2x32GB) DDR5 hasta 6000MHz CL30 Intel XMP 3.0 Memoria de Ordenador de Sobremesa – Negro (CMP64GX5M2B6000C30),"28,690.","Entrega GRATIS el jue, 10 de sep"
G.Skill Trident Z5 Serie Royal DDR5 RAM (Intel XMP 3.0) 32GB (2x16GB) 6400MT/s CL32-39-39-102 1.40V Memoria para computadora de Escritorio U-DIMM - Plata (F5-6400J3239G16GX2-TR5S),"14,220.",Entrega GRATIS entre el 21 - 23 de sep
"Crucial Pro DDR5 RAM Kit de 32 GB (2 x 16 GB) 6400 MHz CL38, Memoria para Juegos de computadora overclocking, Compatible con Intel XMP 3.0 y AMD Expo – Blanco CP2K16G64C38U5W","10,838.",Entrega GRATIS entre el 18 - 21 de sep
"Kingston Fury Beast Black RGB DDR5, Memoria Gamer, Capacidad: 8GB, Frecuencia: 5600MT/s, Latencia: CL40, Factor de Forma: DIMM, Intel XMP, Color: Negro/RGB, SKU: KF556C40BBA-8","2,930.","Entrega GRATIS el lun, 14 de sep"
"ADATA RAM Premiere UDIMM DDR5 4800 MHz 16GB, Negro","3,997.","Entrega GRATIS el lun, 14 de sep"
16 GB DDR5 4800 MHz RAM Disipación de Calor Eficiente para PC de Escritorio Plug and Play 1 X Unidad (White),"5,759.",Entrega GRATIS entre el 25 - 30 de sep
"ADATA Memoria RAM DDR5 Desktop/DIMM 16GB 5600MHz Premier | Alto Rendimiento, PMIC Integrado y Alta Eficiencia Energética | Compatible con Plataformas Intel y AMD","4,353.","Entrega GRATIS el lun, 14 de sep"
"Crucial 8GB DDR5 RAM, 5600MHz (o 5200MHz o 4800MHz) Memoria para portátil, SODIMM 262 Pines, Compatible con Intel Core de 13ª generación y AMD Ryzen 6000 - CT8G56C46S5","4,169.",Entrega GRATIS de Alemania entre el 30 de sep - 1 de oct
"Samsung 16GB DDR5 5600MHz PC5-44800 CL46 SODIMM 1Rx8 rango único 1.1V 262-Pin portátil, memoria RAM para portátil M425R2GA3PB0-CWM","4,846.","Entrega por $1,286.47 entre el 17 - 21 de sep"
"Corsair Vengeance DDR5 32GB (2 x 16GB) hasta 4800MHz Intel RAM | Memoria Gaming de Sobremesa, Compatible con Intel XMP 3.0, CL40, Negro, CMK32GX5M2A4800C40","7,807.",Entrega GRATIS entre el 28 de sep - 5 de oct
TEAMGROUP T-Force Vulcan DDR5 16GB Kit (2x8GB) 5200MHz (PC5-41600) CL40 Módulo de memoria RAM de computadora (negro) para chipset serie 600 - FLBD516G5200HC40CDC01,"5,701.","Entrega GRATIS el lun, 14 de sep"
"ANACOMDA DDR5 6000MHz CL38 RAM para juegos 16GB Negro, Intel XMP 3.0 Ready, compatible con AMD EXPO, UDIMM de overclocking de alto rendimiento, fabricado en Taiwán","4,778.","Entrega GRATIS el mié, 16 de sep"
"Lexar Thor OC DDR5 32GB Dual Pack (2x16GB) 6000MT/s CL38 1.3V Desktop Memory, Intel XMP 3.0 & AMD Expo - Color Negro","15,599.","Entrega GRATIS el jue, 10 de sep"
"G.SKILL Trident Z5 Royal Neo Series DDR5 RAM (AMD Expo) 96 GB (2 x 48 GB) 6000 MT/s CL30-36-36-96 1,35 V Memoria para computadora de escritorio U-DIMM – Plata (F5-6000J3036F48GX2-TR5NS)","41,638.",Entrega GRATIS entre el 21 - 24 de sep
Corsair Dominator Platinum RGB DDR5 RAM 64GB (2x32GB) hasta 5600MHz CL40 Intel XMP 3.0 Memoria de Ordenador de Sobremesa – Negro (CMT64GX5M2B5600C40),"19,999.","Entrega GRATIS el lun, 14 de sep"
"Samsung 8GB (1x8GB) DDR5 4800MHz PC5-34800 SODIMM 1Rx16 CL40 1.1v M425R1GB4BB0-CQK No ECC Memoria RAM sin búfer, módulo portátil Actualización",Precio no disponible,Fecha de entrega no disponible
G.SKILL Trident Z5 Neo RGB Series DDR5 RAM (AMD EXPO e Intel XMP 3.0) 128GB (2x64GB) hasta 6000MT/s* CL36-44-44-96 1.25V Memoria de computadora de escritorio U-DIMM - Negro mate (F5-6000J3644D6 4GX2,"73,557.",Entrega GRATIS entre el 21 - 24 de sep
"Kingston Fury Impact DDR5, Memoria Gamer para Laptop, Capacidad: 16GB, Frecuencia: 6400MT/s, Latencia: CL38, Factor de Forma: SODIMM 262-Pin, Color: Negro, SKU: KF564S38IB-16",Precio no disponible,Fecha de entrega no disponible
"Corsair Vengeance DDR5 32GB (2 x 16GB) hasta 6000MHz Intel RAM | Memoria Gaming de Sobremesa, Compatible con Intel XMP 3.0, CL36, Negro, CMK32GX5M2E6000C36","10,401.",Entrega por $111.63 entre el 14 - 15 de sep
G.SKILL Serie Flare X5 DDR5 RAM (AMD EXPO y Intel XMP 3.0) 128GB (2x64GB) 6000MT/s CL34-44-44-96 1.35V Memoria para computadora de escritorio U-DIMM - Negro mate (F5-6000J3444F64GX2-FX5),"78,878.",Entrega GRATIS entre el 22 - 25 de sep
G.SKILL Trident Z5 Neo RGB Series DDR5 RAM (AMD Expo) 32GB (2x16GB) 6000MT/s CL30-38-38-96 1.35V Memoria para computadora de escritorio U-DIMM - Negro mate (F5-6000J3038F16GX2-TZ5NR),"13,288.",Entrega GRATIS entre el 14 - 15 de sep
"Corsair Vengeance DDR5 16GB (1 x 16GB) hasta 5600MHz Intel RAM | Memoria Gaming de Sobremesa, Compatible con Intel XMP 3.0, CL40, Negro, CMK16GX5M1B5600C40","7,259.","Entrega GRATIS el lun, 14 de sep"
"G.Skill 32 GB DDR5 Trident Z5 RGB 6400 MHz CL32 1,40 V Dual Channel Kit 2 x 16 GB Black","10,823.","Entrega GRATIS el mar, 15 de sep"
TEAMGROUP T-Force Delta RGB DDR5 Ram 32GB (2x16GB) 6000MHz PC5-48000 CL30 Intel XMP 3.0 y AMD Expo Módulo de Memoria de computadora Compatible Ram White - FF4D532G6000HC30DC01,"11,638.","Entrega GRATIS de Estados Unidos el mié, 16 de sep"
Patriot Viper Elite 5 RGB DDR5 RAM 32GB (2X16GB) 6000MT/s CL30 1.35v UDIMM Kit de memoria para juegos de escritorio compatible con Intel XMP/AMD Expo - PVER532G60C30KW,"10,948.",Entrega GRATIS entre el 17 - 21 de sep
16GB DDR5 RAM Advanced Performance 4800MHz para Gaming Laptops,"5,763.",Entrega GRATIS entre el 28 de sep - 2 de oct
"ZJchao Tarjeta de Prueba de Memoria RAM DDR5 DDR4, Analizador de Diagnóstico 2 en 1 para Ordenador Portátil, Luz LED Roja",698.,"Entrega GRATIS el lun, 14 de sep"
"Naroote Módulo de Memoria DDR5 de 32GB, Rendimiento de Juegos de 5600MHz | Compatibilidad con XMP 3.0, funciones RGB, estabilidad mejorada, kit de doble canal","10,626.",Entrega GRATIS entre el 28 de sep - 2 de oct
"Naroote 32GB DDR5 Memoria, Kit de Escritorio de Alto Rendimiento (White) | Velocidad de 6000MT/s, doble canal, estabilidad confiable","11,617.",Entrega GRATIS entre el 28 de sep - 2 de oct
